accuracy,auc,loss,precision,recall,val_accuracy,val_auc,val_loss,val_precision,val_recall,learning_rate
0.872710645198822,0.9471378326416016,0.3142944276332855,0.8791821599006653,0.864716649055481,1.0,1.0,0.12569446861743927,1.0,1.0,0.0010000000474974513
0.9871794581413269,0.9996863603591919,0.08120681345462799,0.9784560203552246,0.9963436722755432,1.0,1.0,0.05624711886048317,1.0,1.0,0.0010000000474974513
0.9954212307929993,1.0,0.04380641505122185,0.9909420013427734,1.0,1.0,1.0,0.034326523542404175,1.0,1.0,0.0010000000474974513
0.9972527623176575,0.9999563694000244,0.03257720172405243,0.9945454597473145,1.0,1.0,1.0,0.02479417435824871,1.0,1.0,0.0010000000474974513
0.9935897588729858,0.999894380569458,0.038798172026872635,0.9909090995788574,0.9963436722755432,1.0,0.9999999403953552,0.005920971743762493,1.0,1.0,9.999999747378752e-06
1.0,1.0,0.0054440549574792385,1.0,1.0,1.0,1.0,0.0021565582137554884,1.0,1.0,9.999999747378752e-06
1.0,1.0,0.0034307853784412146,1.0,1.0,1.0,1.0,0.0015366656007245183,1.0,1.0,9.999999747378752e-06
